{
  "PrevTyreWear": 82.843,
  "PrevFuel": 41.8489875793457,
  "LapCount": 3,
  "BestLapTime": "00:01:36.3370000"
}
