{
  "PrevTyreWear": 88.635,
  "PrevFuel": 5.81022930145264,
  "LapCount": 13,
  "BestLapTime": "00:01:34.3930000"
}
