{
  "PrevTyreWear": 73.192,
  "PrevFuel": 33.901252746582,
  "LapCount": 5,
  "BestLapTime": "00:01:36.1420000"
}
